ablation,task_success,ci95_success,hidden_mechanism_f1,false_abstention,unsafe_action,repair_precision,bloat_index,oracle_regret
full_uncertainty_bloat_audit,0.53741,0.01266,0.14569,0.00000,0.21429,1.00000,0.40966,0.29508
minus_mechanism_classifier,0.58248,0.03225,0.21361,0.00000,0.23724,0.85714,0.47461,0.28400
minus_probe_before_repair,0.54677,0.02500,0.06236,0.00000,0.22449,1.00000,0.42628,0.30245
minus_false_abstention_penalty,0.49235,0.01967,0.11080,0.00510,0.17007,1.00000,0.45641,0.36521
minus_repair_memory,0.57738,0.03300,0.09973,0.00000,0.23384,0.28571,0.41498,0.30349
variance_only_bloat_score,0.51361,0.02977,0.26842,0.00085,0.21089,0.00000,0.47959,0.32723
abstain_only_policy,0.31463,0.02091,0.00000,0.08674,0.09779,0.00000,0.68616,0.54118
